"age","board_feet","tree_density"
20,0,0
30,6041.43363554962,165
40,17490.3381705564,278
50,31906.1776595935,322
60,44130.0855944864,308
70,56994.0032093599,279
80,67351.3973330706,250
90,75899.3892626837,224
100,83160.1014144346,204
110,88956.6149753798,186
120,94335.4084728751,171
130,98898.930373136,159
140,103731.908329856,149
150,107656.288610585,141
160,111234.603360798,133
