"age","board_feet","tree_density"
20,3367.13821411133,119
30,17865.7291565742,254
40,38955.3709274717,269
50,60455.3349277936,231
60,79377.7538507059,190
70,95956.1344593856,158
80,111607.970574591,136
90,122878.670330159,118
100,132999.802662982,106
110,141158.530932404,95
120,148614.953673938,87
130,155339.892546078,80
140,161336.523155859,75
150,166817.529949779,71
160,171217.387166889,67
