"age","board_feet","tree_density"
20,4895.58254480362,148
30,24817.8275358677,247
40,47944.4597020745,218
50,70269.6675445139,173
60,91332.694824934,137
70,109334.634043723,113
80,124147.313640863,97
90,137991.213630885,84
100,148181.065784246,75
110,157453.063683957,69
120,165281.339057684,63
130,171065.709439665,59
140,177774.184877574,55
150,184009.806423783,51
160,187793.47007364,48
