"age","board_feet","tree_density"
20,0,0
30,87.6179263740778,0
40,3794.31635020301,124
50,9223.87148924172,220
60,16188.0885203741,276
70,22248.2507296093,305
80,28058.9310774393,318
90,32354.9903907813,307
100,37396.8656325154,293
110,40921.9214980863,278
120,44282.432738822,263
130,47029.4129705615,250
140,49748.9808308147,237
150,51746.6719542444,227
160,54026.153230574,217
